r2,rmse,mae,spearman,pearson,n_samples,drug_id
0.3683655261993408,0.13448696074244262,0.1061842143535614,0.5940738911694805,0.6774426,180,1195
0.35019659996032715,0.14729433564012087,0.11438913643360138,0.643202789389532,0.6384844,184,1494
0.3491835594177246,0.2313914658887098,0.18122361600399017,0.6723437455508414,0.6362245,174,1372
0.31709855794906616,0.14016064828331445,0.09602437913417816,0.45493482309124766,0.68994087,179,303
0.3120768666267395,0.20826250700241122,0.167601078748703,0.6241819949817414,0.62030125,182,1378
0.3116263151168823,0.20219249521656002,0.16482317447662354,0.5991922215996122,0.6120951,182,1460
0.30218809843063354,0.1692983983899465,0.1387884020805359,0.4650146299172777,0.60099405,94,1166
0.2915588617324829,0.16204105799059515,0.13193899393081665,0.497591899625798,0.5430395,176,219
0.2843581438064575,0.15235839675528243,0.1088879406452179,0.4516670940039088,0.58723634,178,301
0.28328561782836914,0.16857404652943508,0.1381419599056244,0.5921037571250415,0.5942917,182,1459
0.2738698124885559,0.12331561985578962,0.09263616055250168,0.4232805539265615,0.6121468,180,256
0.2697124481201172,0.15350289619614976,0.10850117355585098,0.5390909090909092,0.5800702,175,1242
0.2588985562324524,0.14531490159870156,0.11214303970336914,0.4358504383487122,0.5833027,179,331
0.252988338470459,0.2150997543960031,0.17723439633846283,0.3813999559762272,0.5266301,176,302
0.24837177991867065,0.1296341386997451,0.10441483557224274,0.5778141300657427,0.59091973,180,1198
0.2483464479446411,0.2436699029561996,0.19792871177196503,0.527221400725904,0.5708943,172,461
0.24601715803146362,0.2260956228846951,0.19151748716831207,0.4645982830728594,0.5329125,176,474
0.2355402708053589,0.10865130014448088,0.08617500960826874,0.5178252686539979,0.5617499,181,1012
0.23164957761764526,0.2399542113051827,0.19447068870067596,0.49503231059395836,0.5085618,167,268
0.22466719150543213,0.22943591787509257,0.19618430733680725,0.38399602523169307,0.49459997,178,299
0.22447365522384644,0.124200330574205,0.09810197353363037,0.5375034000795095,0.6004881,179,264
0.22309422492980957,0.3065399441990628,0.266297847032547,0.4685311881666796,0.49505794,172,1248
0.21127986907958984,0.12541523896822035,0.10051817446947098,0.5249574264156277,0.53057575,182,1007
0.20010167360305786,0.16926930072286223,0.13421806693077087,0.49661409302756254,0.5000172,180,1026
0.1964157223701477,0.20982026111428725,0.17258867621421814,0.5280072931901805,0.46987382,166,371
0.19512546062469482,0.1460984231844016,0.10812530666589737,0.4758212702038129,0.5593207,180,252
0.1917521357536316,0.17136025835840699,0.13722680509090424,0.48113112798945445,0.5185608,179,382
0.19099950790405273,0.17593778951529607,0.13733024895191193,0.4839027074620295,0.4600495,176,374
0.19075345993041992,0.22886052146848962,0.19048243761062622,0.4815808329601434,0.4995607,175,317
0.18823230266571045,0.1722853541159545,0.13744483888149261,0.49173866048420584,0.46280494,183,1386
0.18623924255371094,0.13344797105599243,0.0936017781496048,0.38987211539450806,0.62926185,180,305
0.184706449508667,0.24852806635788557,0.2071252018213272,0.3840147783251232,0.45406577,175,346
0.18274694681167603,0.1682681863419639,0.1315876692533493,0.3920820601458893,0.51352954,180,223
0.17976969480514526,0.14149432232126521,0.11366638541221619,0.5548466958674538,0.51554984,177,432
0.1791955828666687,0.22398153543418708,0.16790150105953217,0.4175283452260756,0.45140857,178,1490
0.17832869291305542,0.16897620762043422,0.13746829330921173,0.41483440383649867,0.4566277,177,438
0.17691707611083984,0.15350949102867595,0.12488404661417007,0.47873747201473016,0.4583486,179,1004
0.1768513321876526,0.15684734246007845,0.12319127470254898,0.40633970184264945,0.44564873,180,1024
0.17357349395751953,0.1767560263274765,0.14314070343971252,0.40995117716338153,0.44440976,178,273
0.1723693609237671,0.1787638455644043,0.1474718153476715,0.4551086967704764,0.46516365,180,1031
0.16549164056777954,0.15014478480920085,0.11315152794122696,0.46717464829790345,0.49820513,178,1016
0.16349178552627563,0.11730608503263106,0.08254293352365494,0.3174665884749529,0.56196445,180,306
0.16295820474624634,0.17255479045275382,0.14045284688472748,0.3628327245994113,0.4279126,178,272
0.16205668449401855,0.18662555755115476,0.14382825791835785,0.30552177536343716,0.46644652,180,283
0.1615239381790161,0.15209691518292515,0.12512749433517456,0.5257046010922102,0.5147197,178,442
0.15849381685256958,0.17922796699615798,0.1441417932510376,0.3603163643211349,0.43458688,179,276
0.15687429904937744,0.16947225300036503,0.1282426416873932,0.4336450944699014,0.49239668,179,196
0.15645140409469604,0.1448920553431548,0.11582016944885254,0.4706876796013316,0.45393205,178,235
0.15616190433502197,0.1610934527326888,0.11328662186861038,0.5484108317435006,0.53713876,174,1014
0.15281420946121216,0.1653817585914207,0.11822868883609772,0.4718733228302835,0.4916826,177,1259
0.14948338270187378,0.17010469029418593,0.1357579380273819,0.37949285606473165,0.43440294,177,165
0.14724326133728027,0.18345725281339653,0.1303844153881073,0.5744891245604005,0.54390854,183,1392
0.14265161752700806,0.18029431834855808,0.14635522663593292,0.39964584218727855,0.4147122,181,1430
0.14243781566619873,0.14044995804922197,0.10727174580097198,0.39210675226601643,0.49324328,180,179
0.1409057378768921,0.22149594291874417,0.19021518528461456,0.3653095074202413,0.42924705,178,328
0.13825207948684692,0.1242139584438904,0.08540745079517365,0.2989831146820664,0.46287295,179,222
0.13242322206497192,0.14899709276188908,0.11573349684476852,0.4322958397534669,0.41268677,176,1057
0.1295287013053894,0.20313229914535397,0.1659010350704193,0.392345592060677,0.47360986,178,344
0.12781399488449097,0.09966155162906923,0.07540431618690491,0.3691377398363777,0.51794094,179,152
0.12480741739273071,0.18894746488552241,0.155819833278656,0.37123974257630105,0.37228823,178,136
0.1243792176246643,0.1901509813034883,0.159201979637146,0.35786213639540865,0.37485394,178,134
0.12185752391815186,0.17326083464617853,0.14342835545539856,0.36958897456135026,0.3953735,181,1402
0.11914980411529541,0.1872830327695629,0.14878450334072113,0.43818760069466234,0.43291202,179,1266
0.11835664510726929,0.16147868287122247,0.10384273529052734,0.12167028675331289,0.43955478,172,226
0.11646372079849243,0.11938122781141516,0.08846595883369446,0.564481224355534,0.518514,177,449
0.11261147260665894,0.10272178717829933,0.07809875160455704,0.3234600335866762,0.42410555,177,1059
0.10816013813018799,0.16770427419556083,0.14340756833553314,0.38593446951844235,0.40905213,178,140
0.10725659132003784,0.2135000954070537,0.13818645477294922,0.38414587254366256,0.4274369,181,1427
0.10508817434310913,0.13114775722775124,0.09828692674636841,0.29714469971087765,0.47861046,177,1058
0.1047167181968689,0.1252701343830064,0.09716180711984634,0.5199849511958923,0.49790555,182,1393
0.10349136590957642,0.2873054924492675,0.2541740834712982,0.3284863412449619,0.32708982,175,135
0.10268837213516235,0.205610909254558,0.17378877103328705,0.3253384032198177,0.34715512,178,182
0.10245448350906372,0.06965701551025294,0.05867403373122215,0.29966679007774893,0.39724028,74,106
0.10058534145355225,0.1867035001648353,0.15760061144828796,0.3990906494001143,0.38419703,177,1451
0.09837222099304199,0.12763358202044575,0.09303151816129684,0.1571736446759986,0.39207786,179,225
0.09274357557296753,0.15349154416948094,0.11976113170385361,0.39480739599383674,0.4143486,176,159
0.0914495587348938,0.11553473444923991,0.08869393169879913,0.4840062331775039,0.49074435,181,1187
0.09050089120864868,0.15162153716429747,0.12283056229352951,0.3683714517937796,0.34164748,180,1441
0.08895784616470337,0.12678604869491408,0.10139011591672897,0.32729269976774833,0.40320924,179,308
0.08481740951538086,0.16418194396460337,0.12194405496120453,0.28422070640040326,0.40922508,180,1136
0.08415347337722778,0.13149960319201717,0.08194904774427414,0.32353429259506605,0.5092638,181,1453
0.0818490982055664,0.14784908368188246,0.1081373393535614,0.4865116467326412,0.47652394,181,1413
0.08171200752258301,0.15530673455756816,0.11259710788726807,0.40829449468605,0.41310897,180,1006
0.07998865842819214,0.1585558972966893,0.12021314352750778,0.2999979762410701,0.3805495,181,1022
0.0794559121131897,0.0756212562282631,0.05137556046247482,0.28888355035835706,0.44618642,180,292
0.07743823528289795,0.13036194244155433,0.0780206024646759,0.4252062588904694,0.37808597,75,5
0.07705426216125488,0.13928500146801345,0.10906600952148438,0.33386748844375963,0.36159942,176,437
0.076271653175354,0.20586580052925008,0.16852113604545593,0.2821662975829141,0.32803127,172,274
0.07622593641281128,0.15247719984140762,0.11055582761764526,0.39231895884334533,0.47798485,179,380
0.07612913846969604,0.108464242532976,0.07289981096982956,0.3348251489243495,0.47969356,180,261
0.07519429922103882,0.17964640437678372,0.1130741760134697,0.4488019177546632,0.48732457,180,1416
0.07491117715835571,0.18952889254645627,0.15805450081825256,0.44755275823768964,0.46403033,74,11
0.07328528165817261,0.225535589437242,0.18830165266990662,0.337459494860332,0.33144167,174,180
0.07078659534454346,0.1321368985462006,0.08115652203559875,0.33879440723479115,0.5242592,180,260
0.0691753625869751,0.12195348107862082,0.07532602548599243,0.10351431159406621,0.46728346,176,412
0.06627720594406128,0.11116111090040007,0.09126511961221695,0.3767957650701986,0.37925488,179,245
0.06609070301055908,0.12581684278306843,0.08120235055685043,0.29151517022130313,0.38144666,180,295
0.06368428468704224,0.12523198208155847,0.09111396223306656,0.14781034879584876,0.35947904,179,275
0.06189173460006714,0.1328231302382843,0.11101507395505905,0.2994912464462068,0.36378038,163,1364
0.06151092052459717,0.10156931304087805,0.08017054945230484,0.4863724813257172,0.5402329,179,407
0.05937319993972778,0.105414897804284,0.08765504509210587,0.23927477017364662,0.30137822,177,176
0.055867552757263184,0.13384750231493675,0.10677865892648697,0.2951234396911411,0.31807977,177,208
0.05581212043762207,0.12221846173593093,0.08510962128639221,0.254261093125119,0.3566453,177,224
0.05279970169067383,0.11073918330105631,0.08264819532632828,0.4122882642219658,0.3858602,181,1401
0.0522458553314209,0.11717907160013362,0.07780454307794571,0.26305944385161006,0.38813707,179,228
0.05158495903015137,0.08638455059393292,0.06180053949356079,0.17454516018051927,0.24596232,181,1037
0.049079179763793945,0.17599199166013746,0.11140968650579453,0.21909229549763365,0.38309643,173,431
0.047990620136260986,0.13955202308993847,0.10155440121889114,0.3046026854501431,0.40933275,176,381
0.04639989137649536,0.19882785557277088,0.1708853393793106,0.23416130367293697,0.24443556,178,201
0.044761836528778076,0.11647923936658522,0.08383721113204956,0.21068775762140898,0.2849036,179,257
0.04456961154937744,0.11993308418771248,0.09648570418357849,0.36767045109586544,0.37640625,181,1184
0.04283851385116577,0.11840217810964015,0.06796685606241226,0.12106627175120328,0.26554763,73,30
0.041624248027801514,0.07861359223014026,0.053327105939388275,0.29627457637581406,0.27440795,180,287
0.0398026704788208,0.11660896785741168,0.09266248345375061,0.2814577341369435,0.32047978,170,1527
0.038506269454956055,0.15314954614473958,0.10183698683977127,0.13166661522474973,0.29822254,180,1011
0.037447333335876465,0.12092649152835304,0.07837890088558197,0.12373381393701013,0.23556799,178,1192
0.03660023212432861,0.20296141566415482,0.12571962177753448,0.19102887176902586,0.28649762,171,1373
0.03546273708343506,0.07225754409147918,0.05936729535460472,0.19392573844871755,0.228413,180,310
0.03496068716049194,0.11128200027241822,0.08758115023374557,0.21598162426891707,0.48414668,181,1008
0.034121692180633545,0.1694775450149619,0.11470040678977966,0.18750825445740701,0.27244776,176,184
0.03026813268661499,0.12177688044847644,0.08466062694787979,0.19586170650217122,0.40774235,178,155
0.02956712245941162,0.14338791820336105,0.10427504777908325,0.37043755432591186,0.4085289,178,362
0.02924966812133789,0.2249817042727075,0.18620139360427856,0.31056338028169006,0.3402861,71,83
0.028587758541107178,0.18505202108099938,0.12218747287988663,0.22813772676786373,0.24584666,74,56
0.02807629108428955,0.13990254391628348,0.11612118780612946,0.4508925172587631,0.43414766,180,1149
0.0275307297706604,0.07196114485568632,0.05217837914824486,0.16237538195623322,0.17698522,180,1133
0.02734971046447754,0.15312975686333508,0.11242656409740448,0.09849069415722707,0.23250286,180,300
0.027320265769958496,0.25220787122053784,0.1721685230731964,0.6326600284495021,0.52444136,75,51
0.027228593826293945,0.08722929632922669,0.0496005043387413,0.09136865197726439,0.42135438,178,236
0.026892483234405518,0.11054172840876364,0.06778465211391449,0.2690638599956789,0.19646074,180,1135
0.025783300399780273,0.11055805500232026,0.08616600185632706,0.30057298918815084,0.29539642,182,1394
0.02577221393585205,0.12884400049574302,0.10089530050754547,0.34780085805117444,0.3506712,180,1379
0.024928808212280273,0.1275599721034771,0.09682013839483261,0.257912558675689,0.29681888,163,1368
0.022166073322296143,0.10326945976996232,0.07873081415891647,0.16308380702669054,0.24416691,168,1054
0.021561086177825928,0.12705049448765288,0.09714129567146301,0.15311366160681225,0.14902364,74,71
0.018323540687561035,0.06324915866942483,0.04986022040247917,0.14283083399105498,0.15183693,181,1464
0.0172232985496521,0.10696350184551305,0.08282061666250229,0.38929131881237833,0.4739052,179,342
0.017109334468841553,0.11375104565716204,0.0804663747549057,0.05167070217917676,0.15859628,176,156
0.01614522933959961,0.17549947831356186,0.11676523834466934,0.28534850640113796,0.26188326,75,55
0.013731598854064941,0.1119923727062598,0.08051660656929016,0.015320481790483783,0.16442934,174,1066
0.01206362247467041,0.08538319352943051,0.06804263591766357,0.03799607390767611,0.1526589,181,1183
0.011373460292816162,0.13769243115596108,0.10856602340936661,0.30784813712990505,0.30672473,181,1128
0.01137322187423706,0.07058163302543202,0.061499156057834625,0.28557610241820763,0.31484684,75,64
0.01130223274230957,0.12394346452207602,0.09328781068325043,0.36209904276202615,0.30834445,181,1032
0.01101464033126831,0.06704098964726778,0.04879635572433472,0.1321406900592137,0.1485488,179,291
0.010671794414520264,0.29037025115407317,0.24900668859481812,0.3100286154523443,0.2963331,176,190
0.010577917098999023,0.16493749596956053,0.1110120341181755,0.09247610522958528,0.22101961,180,282
0.009251654148101807,0.08099835517988174,0.06525834649801254,0.1593712559910784,0.5310233,180,1371
0.005653202533721924,0.09678774391900066,0.07006296515464783,0.13500698196830793,0.13567698,181,1422
0.00545114278793335,0.12246451623606419,0.09447166323661804,0.27499843073253405,0.25609952,178,167
0.004702270030975342,0.07842795224136341,0.052407942712306976,0.26361718983096183,0.30322737,180,203
0.004699826240539551,0.14350415981930836,0.09770307689905167,0.35435411733754274,0.4325485,181,1015
0.004596590995788574,0.20034687538785423,0.17078706622123718,0.28568678267308395,0.35838783,74,87
0.00452500581741333,0.15631061212794486,0.1334058940410614,0.3260677619847302,0.32708368,177,194
0.004183471202850342,0.09903308174374884,0.07331397384405136,0.04301151253420069,0.19651453,182,1001
0.00344926118850708,0.12068651541837225,0.08551809936761856,0.3327914129684263,0.41199312,179,356
0.0033626556396484375,0.08818774863051924,0.060477666556835175,0.2817881933904033,0.24427141,181,1070
0.002958357334136963,0.11850335535422542,0.0879690945148468,0.12879534258844605,0.12727773,175,177
0.001428842544555664,0.12194460690629218,0.08542035520076752,0.019671937614366013,0.14082946,166,1053
6.258487701416016e-06,0.1444568120156818,0.09110953658819199,0.09865653295476187,0.048008397,177,293
-0.0016821622848510742,0.16064825894283194,0.13162840902805328,0.24206615606072374,0.2799569,178,200
-0.0023518800735473633,0.11604293732943344,0.07810107618570328,0.06940444118875018,0.1279425,180,1445
-0.005174756050109863,0.06794838997756784,0.05517134442925453,0.14209076857387698,0.11886725,182,1005
-0.005627155303955078,0.12024985329664643,0.08979476243257523,0.2102381316831034,0.20612727,140,1369
-0.006533622741699219,0.08256473939383209,0.06248405948281288,0.07177669802719142,0.084480375,178,153
-0.007952213287353516,0.15787948069817279,0.12289940565824509,0.2995875220362389,0.33490568,178,173
-0.008283376693725586,0.16941650920118803,0.13568153977394104,0.20917948741720016,0.22109097,173,170
-0.00832676887512207,0.06608925217909861,0.05456633120775223,0.35442246159860896,0.360887,180,294
-0.01005244255065918,0.1487724640657205,0.10068196058273315,0.09293702480529234,0.20441273,180,326
-0.01025235652923584,0.14833540919231863,0.11354470252990723,0.19515897895208242,0.2352888,175,1232
-0.010413408279418945,0.13688856205748132,0.09426035732030869,0.10257987571401668,0.2605254,179,229
-0.013277411460876465,0.14075119263963554,0.09614798426628113,0.29369579572969406,0.29889202,176,363
-0.01628565788269043,0.15028466170109653,0.09655013680458069,-0.06888678293735903,0.08954177,163,1363
-0.01652204990386963,0.11667696289697346,0.08558899909257889,0.1964510467057665,0.20851593,141,1370
-0.019026637077331543,0.1804809983130554,0.11083360761404037,0.25325435024065157,0.1484317,74,29
-0.01930224895477295,0.11798089782744933,0.07768564671278,0.07451300399640115,0.3324239,179,238
-0.01946282386779785,0.11080777128573778,0.08893837779760361,0.25722133584070306,0.29320803,148,1239
-0.019675493240356445,0.17578126589457121,0.12664642930030823,0.27915942936871774,0.33067453,174,1060
-0.020128250122070312,0.09228212361676323,0.061605993658304214,0.022369171449870662,0.065811925,182,1432
-0.020157814025878906,0.13841514597442486,0.10185597836971283,0.1268663943497704,0.32172853,175,428
-0.020988106727600098,0.12288048635688559,0.09093401581048965,0.2987597999423361,0.33113647,178,178
-0.021449685096740723,0.19185571059458637,0.12755921483039856,0.45574809805579036,0.46699056,169,1526
-0.022298574447631836,0.1305831941184649,0.09537655115127563,0.2760864561755905,0.2701522,179,366
-0.02391791343688965,0.15512217345302295,0.12352852523326874,0.21755668060752806,0.21289612,176,164
-0.0248032808303833,0.07703956333783286,0.0604667142033577,0.11973620584997478,0.13956025,180,1219
-0.024868369102478027,0.07471474439409241,0.058792486786842346,0.12841559913383116,0.10910709,181,1188
-0.025754451751708984,0.19448508477022103,0.16130025684833527,0.06469105645213628,0.068596214,178,133
-0.02633059024810791,0.17529258090430577,0.12333028018474579,0.17220483641536272,0.2538699,75,32
-0.027861714363098145,0.1662230990361394,0.11319246888160706,-0.25761931663632753,-0.095197864,179,1377
-0.027886390686035156,0.1235425177932688,0.08706751465797424,0.1502406516105146,0.24158475,74,127
-0.027966618537902832,0.16338810937547635,0.1323070228099823,0.3459212637294829,0.34990382,73,60
-0.031375765800476074,0.0875809086808964,0.07464024424552917,0.2991285739271788,0.2504979,180,1236
-0.03313708305358887,0.12431767621107119,0.09313701838254929,0.04471084028588513,0.036174364,174,476
-0.033332228660583496,0.08748453953089286,0.07344487309455872,0.4076813655761024,0.3974023,75,45
-0.034076690673828125,0.13295373699636015,0.09477853775024414,0.28363149415186323,0.3881774,179,1254
-0.03490173816680908,0.09278128741332006,0.06922440230846405,0.38820744100690785,0.36000416,177,478
-0.03582024574279785,0.20728522143735392,0.1381327211856842,0.2793706293706294,0.30608663,65,3
-0.035956621170043945,0.09921846633780473,0.08170418441295624,0.3084988334225245,0.35339788,178,172
-0.04192066192626953,0.10959698085629152,0.07857244461774826,0.008362315650451245,0.24579863,176,416
-0.04521620273590088,0.1728027673588161,0.11270114034414291,-0.14105505689549944,-0.019796664,181,1428
-0.04594159126281738,0.10196098684640446,0.07159110903739929,0.13734355062792244,0.3043841,181,1036
-0.0471041202545166,0.10658555897219998,0.08365081995725632,0.09004912191175914,0.11854631,180,262
-0.05193209648132324,0.17893634193250857,0.13974355161190033,0.12551721749969705,0.12454979,177,204
-0.05212855339050293,0.13844979327409587,0.08881321549415588,-0.07239592819703317,0.060822565,181,1429
-0.0534595251083374,0.11763829310803134,0.08652381598949432,0.06065433854907539,0.050439566,75,35
-0.05575144290924072,0.1193722638408292,0.09112977981567383,0.026028916368505847,0.09978334,179,1261
-0.05697977542877197,0.15825038957397214,0.11108330637216568,0.19859254915275162,0.14957473,180,1409
-0.05734050273895264,0.15322912140548872,0.12663456797599792,0.33095305832147937,0.3071449,75,86
-0.05738723278045654,0.07390818745571676,0.0540475994348526,0.08897089877821418,0.14650096,180,1170
-0.05874490737915039,0.0761530406603999,0.06382051110267639,0.0312293589308312,0.11452528,180,1458
-0.058872222900390625,0.08486819137837051,0.062208142131567,0.15459450052210236,0.44935188,169,1061
-0.0603557825088501,0.11364649803991125,0.08099904656410217,-0.08571226195535586,-0.037491933,181,1444
-0.061073899269104004,0.11421439576753417,0.07899896055459976,0.02,0.05616395,24,1167
-0.06124758720397949,0.10036012616708635,0.06771580874919891,0.05554408758828648,0.41579434,181,1009
-0.06168341636657715,0.10085281595994734,0.07767592370510101,0.13024288549609606,0.12814687,178,304
-0.06316614151000977,0.1106608916574695,0.08164060860872269,-0.0063088366924905085,0.0050730067,180,1446
-0.06675326824188232,0.08908317852891497,0.07188070565462112,0.02678710548640086,0.06044419,177,1091
-0.06960904598236084,0.10487550322851816,0.07832270860671997,0.3265985575686492,0.36325145,180,1426
-0.06980395317077637,0.08483827714234592,0.06171351298689842,0.09446362438013935,0.075241104,179,372
-0.07102346420288086,0.09987161281157024,0.07669250667095184,0.2589318600368324,0.21154875,181,1186
-0.0781024694442749,0.10852819700859581,0.06552084535360336,0.0018191865380199463,0.073268294,171,1497
-0.08307003974914551,0.07317956472524813,0.06252454221248627,0.2004506311923208,0.20451832,180,1197
-0.08376169204711914,0.08282357976226445,0.05999016389250755,0.19687042503659974,0.31663775,171,1114
-0.08728325366973877,0.13010224470984658,0.0987628921866417,0.15269844659157636,0.1241343,131,1529
-0.08800792694091797,0.10069202180620923,0.07789074629545212,0.4257053291536051,0.4451527,175,446
-0.09154045581817627,0.1307727113964876,0.08331673592329025,0.3405055349806731,0.26954636,181,1463
-0.09215855598449707,0.10774863569885071,0.08226415514945984,-0.059176827068754066,0.014836855,167,1062
-0.09331178665161133,0.09633098196633272,0.07649422436952591,0.03816404589885252,0.075011455,181,1425
-0.09927642345428467,0.09522693752853727,0.0697016641497612,0.06557622969394497,0.047044374,178,207
-0.10139596462249756,0.18222388074400045,0.12513846158981323,0.1816216216216216,0.11271472,75,62
-0.10325956344604492,0.10353216003216059,0.07359956949949265,-0.10085470085470086,-0.2387948,26,1157
-0.10341262817382812,0.06963056439301953,0.05827725678682327,0.2091939368182462,0.38707215,181,1010
-0.10602056980133057,0.09660356106138793,0.07189353555440903,0.1777087646652864,0.19364476,161,1048
-0.10652804374694824,0.08548590553735466,0.07208572328090668,0.120788910651762,0.11533073,178,151
-0.10764789581298828,0.2059791661573073,0.13809151947498322,0.021413670123439695,0.06820729,177,1498
-0.10771167278289795,0.12692222219098223,0.1049724668264389,0.24610808162539247,0.2305103,178,157
-0.10794782638549805,0.07693536221809691,0.06594518572092056,0.28196301564722615,0.15347606,75,63
-0.10859560966491699,0.12384918692617027,0.10396615415811539,0.34162162162162163,0.32418546,75,53
-0.11090219020843506,0.09292061826010992,0.07344946265220642,0.3575551782682513,0.26803517,94,1142
-0.11181783676147461,0.1567256779817608,0.12597748637199402,0.20386539834391745,0.19881308,178,163
-0.11818385124206543,0.11006045132603581,0.08620228618383408,0.0557754894252651,0.051922336,178,185
-0.1195143461227417,0.09600161694677413,0.07991296052932739,0.01985768944443483,0.025648072,177,199
-0.12077343463897705,0.20028004597638116,0.1559372991323471,0.3163643095149945,0.2488092,73,104
-0.1223599910736084,0.07919068084679602,0.0643153041601181,0.006253415093194099,-0.05650453,182,1496
-0.12303400039672852,0.17940530178774328,0.14625976979732513,0.5088669950738914,0.60002613,29,1204
-0.12456107139587402,0.07591938696602143,0.06265483796596527,0.31969299463975226,0.36909023,180,330
-0.12953400611877441,0.09154733260431494,0.06702061742544174,0.21659238800661185,0.2819309,179,249
-0.13010776042938232,0.08143985533327365,0.05507100373506546,0.09110569256252764,0.51976687,180,254
-0.14094626903533936,0.08856508235222044,0.06994228810071945,0.23091758524947215,0.22405073,163,1365
-0.14190542697906494,0.08872989907103875,0.07529084384441376,0.08781952582332983,0.17354308,182,1019
-0.14247190952301025,0.09464643471551476,0.07600165158510208,0.4084893646222215,0.38018474,178,1243
-0.14356184005737305,0.07883922910316048,0.05240856856107712,-0.09549065068401043,0.373261,180,277
-0.1460108757019043,0.13030281136078853,0.0954013243317604,0.2621103295075897,0.18732789,74,9
-0.1536463499069214,0.0752403075116321,0.05029821768403053,0.1908750554563164,0.4935706,178,333
-0.16587519645690918,0.07875337616177416,0.06561214476823807,0.16334609670872305,0.18622544,179,285
-0.16884291172027588,0.09558667182250566,0.07593151926994324,0.2515957052943354,0.17461172,74,94
-0.17285239696502686,0.2170583848900926,0.20325879752635956,0.4551724137931034,0.3860315,29,1202
-0.17337608337402344,0.07714428769793236,0.06574860960245132,0.3224235315904812,0.54177207,180,329
-0.18369841575622559,0.08044219991021703,0.07101139426231384,0.2894015744844474,0.34698108,181,1047
-0.18724262714385986,0.06545891749398379,0.0578768327832222,0.23246205109218807,0.26565194,74,111
-0.18940675258636475,0.14254670907458009,0.11605866998434067,0.2652062588904694,0.23968017,75,41
-0.19195222854614258,0.06948975506257003,0.059083420783281326,0.24080578618681647,0.27042294,180,1419
-0.19838762283325195,0.08696014811214328,0.05820949003100395,-0.053163033880992375,-0.051703118,177,439
-0.20016741752624512,0.09578474126336745,0.06284978985786438,0.040590532855726225,0.04026994,181,1049
-0.20752346515655518,0.0871802069833721,0.07604061812162399,0.24695206642180312,0.16812123,180,269
-0.21712350845336914,0.07018972976999027,0.05186602473258972,-0.14230535852530704,-0.13055553,179,284
-0.21908831596374512,0.0802350832045221,0.0521366260945797,-0.042353226883613614,0.1580237,181,1403
-0.22386813163757324,0.08794427399921444,0.06509610265493393,0.21898618270111217,0.16107461,180,1021
-0.2241344451904297,0.06472249888531573,0.054899293929338455,0.24037202100726046,0.3550711,179,376
-0.2278996706008911,0.07413837824392774,0.05293601006269455,0.023032035440331788,0.44399658,182,1013
-0.23048412799835205,0.07995214671128552,0.06798949092626572,0.14775132752953077,0.14087656,94,1143
-0.24068677425384521,0.07084842920141977,0.05903128534555435,0.14789174356399648,0.12298036,177,158
-0.24846363067626953,0.08739474599197461,0.0676884725689888,0.2300384342376344,0.28465822,177,546
-0.24929845333099365,0.16206202907177536,0.1265643984079361,0.10770702209058375,0.18189032,73,88
-0.25112295150756836,0.07115255965232292,0.05962970480322838,0.29708118563330144,0.45584005,180,290
-0.2529805898666382,0.1022891814594572,0.07703863829374313,0.21439466864124396,0.19933169,74,119
-0.2536041736602783,0.11883237312618576,0.09457933157682419,0.3013629352435775,0.24917002,94,1161
-0.2549397945404053,0.09581087333414397,0.07623180747032166,-0.09554368283650051,-0.028971061,181,1407
-0.2673543691635132,0.07437633424050998,0.056818317621946335,0.08586105167722734,-0.02945624,181,1023
-0.267622709274292,0.07171320807065182,0.06201666593551636,0.16931190595730689,0.10283237,177,436
-0.2714611291885376,0.07775801054895676,0.06371288746595383,0.09987198031489518,0.21262588,163,1359
-0.2782752513885498,0.060722557649382065,0.05204476788640022,0.1191128129176751,0.09671993,94,1164
-0.29068493843078613,0.06981724924370322,0.06056440994143486,0.1428490478214235,0.2324334,181,1050
-0.3012118339538574,0.09286875596498588,0.06731098145246506,0.1240640982151299,0.07544673,177,415
-0.30874431133270264,0.08628967041450794,0.05970573425292969,0.06814450878736586,0.044869725,178,1436
-0.3263375759124756,0.07073420321033094,0.061883632093667984,0.07627971130750821,0.2913254,175,1218
-0.331945538520813,0.06320740414740426,0.055009372532367706,0.2540776164787772,0.33808345,175,1241
-0.3377492427825928,0.07533760664852265,0.06251780688762665,-0.10837606837606836,-0.071681224,26,1165
-0.34780359268188477,0.0640817076975134,0.05549226328730583,0.11236516706129965,0.12886466,181,1434
-0.3566780090332031,0.06655416424139556,0.056527234613895416,0.12360470158787482,0.064042896,180,288
-0.36717820167541504,0.06582742406420758,0.05322003737092018,0.021916314289535686,0.044983793,180,1421
-0.3675733804702759,0.0670924495762886,0.05524766817688942,0.11263760357641163,0.20086621,174,186
-0.38805997371673584,0.07918684976889626,0.06515541672706604,-0.09846443649009581,0.06688892,183,1449
-0.3922327756881714,0.06246462953592917,0.05267942696809769,0.06383745168275554,0.09724166,181,1185
-0.40849971771240234,0.06429108929125035,0.05419054999947548,0.3169909751265684,0.35051346,176,435
-0.4180586338043213,0.06743010644182593,0.0597323402762413,0.23999917692932907,0.35898414,180,230
-0.445223331451416,0.06063959305847721,0.0530364029109478,0.06878199367367889,0.0687856,180,1052
-0.44666755199432373,0.06676762439569396,0.05117025226354599,-0.03797855796915941,0.20414759,180,1437
-0.45057177543640137,0.06840067705663204,0.0600292794406414,0.19203279030879522,0.25516826,177,1196
-0.45440876483917236,0.08085128529481127,0.07075285166501999,0.24964144983898678,0.28326628,180,309
-0.4590492248535156,0.06987165293712637,0.05712461099028587,0.09670751104239059,0.114697225,163,1367
-0.46043455600738525,0.06030644277992415,0.048784155398607254,0.18327798175361962,0.29199246,179,406
-0.46816182136535645,0.05803569443114172,0.045911259949207306,-0.008289916933442136,0.006835224,179,1029
-0.48491084575653076,0.06752329845915098,0.05760563910007477,0.19909873761535848,0.29265374,180,221
-0.5139145851135254,0.060536006751913306,0.05465541034936905,0.25369856699299465,0.3252397,177,576
-0.517833948135376,0.06842635483655699,0.06136808544397354,0.25103861230284885,0.3406844,180,279
-0.5244582891464233,0.06223428202674102,0.04943077266216278,-0.03743018685257594,0.17815305,180,255
-0.5263655185699463,0.06810112605404159,0.05704665929079056,0.0015704181776883134,0.012038184,183,1382
-0.5299416780471802,0.07244094318294343,0.06433073431253433,0.262627447349198,0.37954903,180,265
-0.532210111618042,0.09906527164113785,0.07670530676841736,0.1864642724916697,0.014876033,74,1
-0.5323663949966431,0.0646964738905344,0.055106211453676224,0.07756605463502016,0.12594412,175,1495
-0.5432548522949219,0.0717288748911981,0.060806214809417725,0.0024301427261043357,0.068621255,159,1046
-0.5522162914276123,0.06980503258835978,0.06383445113897324,0.17677897075157345,0.30537495,74,89
-0.5531744956970215,0.06654367882070088,0.057206183671951294,0.13149778398397183,0.11283094,181,1461
-0.555145263671875,0.05802320218401274,0.050301168113946915,0.18283849099240476,0.27923265,179,375
-0.5703845024108887,0.07637601786729666,0.06930940598249435,0.054191670398566955,0.16828589,175,175
-0.5818506479263306,0.08860221071395508,0.07873088121414185,0.11231863442389757,0.20416784,75,38
-0.5997357368469238,0.05784771151414125,0.0483972541987896,0.01163595031904062,0.14979832,182,1433
-0.607274055480957,0.05751127878453623,0.049744922667741776,0.1312382445141066,0.1165196,175,410
-0.6243115663528442,0.20290631663587055,0.18006764352321625,0.4393162393162393,0.47206688,26,1145
-0.6571649312973022,0.05941632567464904,0.050077952444553375,-0.011156001130563453,-0.011860051,163,1362
-0.6787655353546143,0.07203387784198423,0.06323070824146271,0.16350915867049534,0.41752037,178,211
-0.6884194612503052,0.05284848494637418,0.04587161913514137,0.2873393641349442,0.2599262,181,1071
-0.6891394853591919,0.0573720424645344,0.04912383854389191,0.10294080879557721,0.10403583,178,154
-0.6932165622711182,0.07448182412499474,0.06651385873556137,0.35411095305832146,0.3468488,75,59
-0.7162467241287231,0.050710610629168235,0.04072270169854164,-0.0188380396710004,0.020365441,180,1252
-0.7646056413650513,0.060620107892727454,0.05463089793920517,-0.03170235793022316,0.015178113,179,1268
-0.7868973016738892,0.054865214132833684,0.04779735952615738,-0.06316971164428792,-0.10513734,176,552
-0.7919319868087769,0.05555935053955991,0.049545519053936005,-0.022031977486765428,0.02057258,162,1360
-0.8245910406112671,0.07008717779334149,0.061199016869068146,-0.07004039666825898,-0.101108916,178,171
-0.8988544940948486,0.057197739223208345,0.04908242076635361,-0.03203816458477183,-0.026362507,179,1129
-0.9242579936981201,0.05419405491604229,0.04768618196249008,-0.11524542686969694,-0.012662701,177,477
-0.9303333759307861,0.05413494724031679,0.04842527210712433,0.11474796390050629,0.09010688,176,563
-0.9533042907714844,0.05424750814505137,0.048242803663015366,0.00010880254430565146,-0.0027060832,179,1069
-0.9583296775817871,0.05210780398375543,0.04183364287018776,-0.13399458811678655,-0.04404779,179,289
-0.9586309194564819,0.0561126568736609,0.04538046196103096,0.02789144557100358,0.0096373465,181,1028
-0.9891011714935303,0.08402158500601338,0.07236289232969284,-0.20793741109530584,0.29993722,75,34
-1.029874563217163,0.05481046875555022,0.042610589414834976,-0.057142795311715525,-0.08535732,177,562
-1.1095969676971436,0.17640055069446836,0.15116705000400543,0.3688888888888889,0.27644548,26,1155
-1.1099872589111328,0.057902916717885555,0.05147262662649155,0.14473491980205147,0.2660759,180,298
-1.172433853149414,0.05143220615782249,0.04642806574702263,-0.03264716411940306,-0.00382589,178,147
-1.1998817920684814,0.05077481687585301,0.04492495208978653,-0.06990063343654503,0.037883207,181,1072
-1.2192399501800537,0.05254186707849672,0.045451778918504715,0.009386096991727835,-0.048201647,180,1414
-1.2874164581298828,0.07882382057883734,0.07194023579359055,0.09202657807308968,0.103133485,85,1203
-1.3166115283966064,0.05204258705754514,0.04729977622628212,0.2884903855057255,0.44246268,180,286
-1.3353047370910645,0.05420495767538422,0.04809388890862465,0.021281848906158297,0.10044823,181,1030
-1.362809181213379,0.04789020476693607,0.043629907071590424,0.05977962282786506,0.24204817,180,263
-1.4006450176239014,0.051023029199741325,0.04531819373369217,0.08372355784319879,0.15647848,179,1038
-1.407066822052002,0.07637531061702442,0.07014591246843338,0.33350166075993426,0.27081943,75,54
-1.4219977855682373,0.044801805539886004,0.03987507522106171,0.06956802056325531,0.108936474,178,192
-1.4644434452056885,0.0530779691741044,0.04685032740235329,-0.062029153265831784,-0.09588096,178,1042
-1.4834728240966797,0.0537896057037761,0.05008189380168915,0.16059124283017046,0.2081952,182,1017
-1.5001928806304932,0.05307076592450327,0.04690166190266609,0.07620613414629396,0.16674773,180,206
-1.5466179847717285,0.052121448229888206,0.047230370342731476,0.04263597403901739,0.18583372,160,1025
-1.5624194145202637,0.06114867715982338,0.055962011218070984,-0.0612354762966139,0.13657293,178,281
-1.5980017185211182,0.0722964453056828,0.0666874349117279,0.11761024182076814,0.3305407,75,52
-1.7126593589782715,0.051285198633393064,0.04534077271819115,0.027369157484284496,0.09454975,180,1251
-1.7632148265838623,0.048797564479673004,0.04277162253856659,-0.06540391104217896,0.027416337,178,1199
-1.7770133018493652,0.07711878943245588,0.07098452746868134,0.10682788051209105,0.20085722,75,37
-1.8058364391326904,0.06654551222664938,0.05892427638173103,0.09728248796741945,0.016243463,74,110
-1.8173160552978516,0.0542453814142693,0.04930951073765755,-0.04661522306472085,-0.081493,178,1194
-1.837784767150879,0.04711308218000905,0.04246045649051666,-0.0051159086580911,0.040530223,177,166
-1.8502116203308105,0.04484884140555891,0.040574610233306885,0.005036166258304039,-0.030862292,180,1043
-1.8948566913604736,0.051023083958666234,0.046791061758995056,0.03746688942365957,0.07427255,177,197
-1.9277973175048828,0.05394423060744499,0.049315765500068665,-0.009172353070658156,0.16583087,176,427
-1.951749324798584,0.046761984981556204,0.04274480417370796,-0.10077476710947511,0.06536935,180,1039
-1.9625976085662842,0.05089206708388055,0.04513511806726456,0.03771477141642887,0.09660627,181,1175
-2.0268914699554443,0.06748108677229131,0.061815425753593445,0.09076328432612071,0.032745652,94,1158
-2.1662042140960693,0.049019595485763415,0.04581020027399063,0.24519673874512582,0.29118043,155,231
-2.298616409301758,0.044905542949951756,0.040740493685007095,0.14383451889112608,0.14586723,182,1033
-2.486481189727783,0.04436401011990184,0.040335461497306824,-0.03918561286553316,-0.12838542,182,1018
-2.5566799640655518,0.047158420081951855,0.04308471456170082,-0.024357350410294347,0.049858328,161,1530
-2.7254741191864014,0.053536111067447774,0.04903837665915489,0.04121839276769239,0.11893232,180,258
-2.736294984817505,0.04776271775828606,0.04412342607975006,0.1896992705536179,0.24732713,180,345
-2.8976457118988037,0.047737125849712195,0.04397512227296829,-0.016640439849195002,0.18217477,180,312
-3.098886489868164,0.05448950962610303,0.051109228283166885,0.21108676193709683,0.4271493,180,253
-3.250058650970459,0.06449577697593864,0.060342833399772644,0.25064790818215466,0.20881392,74,17
-3.2631421089172363,0.04956606190631218,0.046637456864118576,0.17001025254744417,0.3304337,179,271
-3.392719268798828,0.04475753203397541,0.04107089713215828,-0.013964356113101253,-0.0915538,176,202
-3.767240524291992,0.04602229876283974,0.042796097695827484,-0.03858349537537166,-0.045136075,180,1067
-4.0320658683776855,0.04270002475222444,0.03974052146077156,0.024752578829535708,0.07909644,179,1230
-4.394906520843506,0.045802261658027775,0.041875939816236496,-0.018462953444975238,-0.0709657,177,574
-4.4583916664123535,0.04482002477618353,0.04167827591300011,-0.027168185762818202,-0.06949704,176,1264
-4.532575607299805,0.04493351453833673,0.0409395657479763,0.05944755111580479,0.009724116,177,573
-4.922476768493652,0.04657631075220058,0.04370101913809776,0.14741195715917157,0.37139723,180,332
-5.297118663787842,0.04312706090660477,0.04078509658575058,-0.06968847241456966,-0.04441761,180,341
-5.30991268157959,0.04386061214675124,0.041220203042030334,-0.06384227570579461,0.060167227,173,1263
-5.395354270935059,0.04838306007602177,0.04511004686355591,0.004974691805739098,0.087011084,176,1375
-5.558074951171875,0.04732301563696854,0.044335491955280304,-0.08063730394833415,-0.13942856,180,193
-6.138046741485596,0.04425969784366445,0.04097578302025795,0.0028107039648944164,0.11100469,182,1020
-7.487635612487793,0.06831771739329932,0.06447473168373108,0.003869132290184921,0.0012894406,75,6
-7.752924919128418,0.04496726562417394,0.04184403643012047,0.046910078815380944,0.10769562,159,1531
-9.67226505279541,0.0449939077693946,0.04290994256734848,-0.1862674587841825,-0.13874948,178,150
-11.470698356628418,0.04764356708215641,0.044206853955984116,-0.15281791929578223,-0.11630382,170,1502
-11.58122444152832,0.04260987543809591,0.04015438258647919,-0.030348673312962333,0.062674455,180,205
-13.791801452636719,0.057884652229257476,0.05474281311035156,-0.03857830433172898,-0.07120236,74,91
-14.45740795135498,0.042555109035003695,0.039829377084970474,-0.16370711385932912,-0.14227907,179,1253
-15.557920455932617,0.041851464946498544,0.039065517485141754,-0.046644930557269246,-0.02032126,179,447
-18.186603546142578,0.04084987870104102,0.03856438398361206,-0.15875412722870352,-0.14102711,176,1262
-26.753454208374023,0.04096978469928889,0.03893883526325226,-0.057029272069131456,-0.025913082,179,408
-29.92554473876953,0.042411091210592305,0.04043068364262581,-0.10584277292509027,0.023490619,180,266
-63.57672882080078,0.04092219901011249,0.03913367912173271,-0.033900468972110666,-0.026349299,178,409
